<?xml version="1.0" encoding="UTF-8"?>
<export version="D">
  <design>
    <source>/Users/massimo/Desktop/MASSIMO/massimo.sch</source>
    <date>Sabato 27 Giugno 2015 16:00:27</date>
    <tool>Eeschema (2015-05-01 BZR 5636)-product</tool>
    <sheet number="1" name="/" tstamps="/">
      <title_block>
        <title>multitinymainproject</title>
        <company/>
        <rev/>
        <date/>
        <source>massimo.sch</source>
        <comment number="1" value=""/>
        <comment number="2" value=""/>
        <comment number="3" value=""/>
        <comment number="4" value=""/>
      </title_block>
    </sheet>
    <sheet number="2" name="/Sheet558E79A9/" tstamps="/558E79AA/">
      <title_block>
        <title>MULTITINY</title>
        <company/>
        <rev/>
        <date/>
        <source>multitiny.sch</source>
        <comment number="1" value=""/>
        <comment number="2" value=""/>
        <comment number="3" value=""/>
        <comment number="4" value=""/>
      </title_block>
    </sheet>
    <sheet number="3" name="/Sheet558EFE7F/" tstamps="/558EFE80/">
      <title_block>
        <title>INFRARED</title>
        <company/>
        <rev/>
        <date/>
        <source>sharpGP2Y0A21YK.sch</source>
        <comment number="1" value=""/>
        <comment number="2" value=""/>
        <comment number="3" value=""/>
        <comment number="4" value=""/>
      </title_block>
    </sheet>
    <sheet number="4" name="/Sheet558F0CF9/" tstamps="/558F0CFA/">
      <title_block>
        <title/>
        <company/>
        <rev/>
        <date/>
        <source>analogkeyboard.sch</source>
        <comment number="1" value=""/>
        <comment number="2" value=""/>
        <comment number="3" value=""/>
        <comment number="4" value=""/>
      </title_block>
    </sheet>
  </design>
  <components>
    <comp ref="IC1">
      <value>ATTINY44-SSU</value>
      <footprint>SO14</footprint>
      <libsource lib="atmel" part="ATTINY441-SSU"/>
      <sheetpath names="/Sheet558E79A9/" tstamps="/558E79AA/"/>
      <tstamp>558E7AF7</tstamp>
    </comp>
    <comp ref="D2">
      <value>LED</value>
      <libsource lib="device" part="LED"/>
      <sheetpath names="/Sheet558E79A9/" tstamps="/558E79AA/"/>
      <tstamp>558E7CAC</tstamp>
    </comp>
    <comp ref="R2">
      <value>10k</value>
      <libsource lib="device" part="R"/>
      <sheetpath names="/Sheet558E79A9/" tstamps="/558E79AA/"/>
      <tstamp>558E7CFB</tstamp>
    </comp>
    <comp ref="CON1">
      <value>AVR-ISP-6</value>
      <footprint>AVR-ISP-6</footprint>
      <libsource lib="atmel" part="AVR-ISP-6"/>
      <sheetpath names="/Sheet558E79A9/" tstamps="/558E79AA/"/>
      <tstamp>558E7D78</tstamp>
    </comp>
    <comp ref="C1">
      <value>1uf</value>
      <libsource lib="device" part="CP"/>
      <sheetpath names="/Sheet558E79A9/" tstamps="/558E79AA/"/>
      <tstamp>558E7DB3</tstamp>
    </comp>
    <comp ref="SW1">
      <value>SW_PUSH</value>
      <libsource lib="device" part="SW_PUSH"/>
      <sheetpath names="/Sheet558E79A9/" tstamps="/558E79AA/"/>
      <tstamp>558E7DF6</tstamp>
    </comp>
    <comp ref="R3">
      <value>499</value>
      <libsource lib="device" part="R"/>
      <sheetpath names="/Sheet558E79A9/" tstamps="/558E79AA/"/>
      <tstamp>558E7E88</tstamp>
    </comp>
    <comp ref="P2">
      <value>CONN_01X07</value>
      <libsource lib="conn" part="CONN_01X07"/>
      <sheetpath names="/Sheet558E79A9/" tstamps="/558E79AA/"/>
      <tstamp>558E81A2</tstamp>
    </comp>
    <comp ref="P1">
      <value>CONN_01X07</value>
      <libsource lib="conn" part="CONN_01X07"/>
      <sheetpath names="/Sheet558E79A9/" tstamps="/558E79AA/"/>
      <tstamp>558E81D4</tstamp>
    </comp>
    <comp ref="D1">
      <value>LED</value>
      <libsource lib="device" part="LED"/>
      <sheetpath names="/Sheet558E79A9/" tstamps="/558E79AA/"/>
      <tstamp>558E835A</tstamp>
    </comp>
    <comp ref="R1">
      <value>499</value>
      <libsource lib="device" part="R"/>
      <sheetpath names="/Sheet558E79A9/" tstamps="/558E79AA/"/>
      <tstamp>558E84AD</tstamp>
    </comp>
    <comp ref="P3">
      <value>SHARP GP2Y0A21YK</value>
      <libsource lib="conn" part="CONN_01X03"/>
      <sheetpath names="/Sheet558EFE7F/" tstamps="/558EFE80/"/>
      <tstamp>558F0086</tstamp>
    </comp>
    <comp ref="SW2">
      <value>ON</value>
      <libsource lib="device" part="SW_PUSH"/>
      <sheetpath names="/Sheet558F0CF9/" tstamps="/558F0CFA/"/>
      <tstamp>558F1093</tstamp>
    </comp>
    <comp ref="SW3">
      <value>OFF</value>
      <libsource lib="device" part="SW_PUSH"/>
      <sheetpath names="/Sheet558F0CF9/" tstamps="/558F0CFA/"/>
      <tstamp>558F10AB</tstamp>
    </comp>
    <comp ref="R4">
      <value>10K</value>
      <libsource lib="device" part="R"/>
      <sheetpath names="/Sheet558F0CF9/" tstamps="/558F0CFA/"/>
      <tstamp>558F1145</tstamp>
    </comp>
    <comp ref="R5">
      <value>10k</value>
      <libsource lib="device" part="R"/>
      <sheetpath names="/Sheet558F0CF9/" tstamps="/558F0CFA/"/>
      <tstamp>558F1164</tstamp>
    </comp>
  </components>
  <libparts>
    <libpart lib="device" part="LED">
      <footprints>
        <fp>LED-3MM</fp>
        <fp>LED-5MM</fp>
        <fp>LED-10MM</fp>
        <fp>LED-0603</fp>
        <fp>LED-0805</fp>
        <fp>LED-1206</fp>
        <fp>LEDV</fp>
      </footprints>
      <fields>
        <field name="Reference">D</field>
        <field name="Value">LED</field>
      </fields>
      <pins>
        <pin num="1" name="K" type="passive"/>
        <pin num="2" name="A" type="passive"/>
      </pins>
    </libpart>
    <libpart lib="device" part="R">
      <description>Resistor</description>
      <footprints>
        <fp>R_*</fp>
        <fp>Resistor_*</fp>
      </footprints>
      <fields>
        <field name="Reference">R</field>
        <field name="Value">R</field>
      </fields>
      <pins>
        <pin num="1" name="~" type="passive"/>
        <pin num="2" name="~" type="passive"/>
      </pins>
    </libpart>
    <libpart lib="device" part="CP">
      <description>Polarised capacitor</description>
      <footprints>
        <fp>CP*</fp>
        <fp>Elko*</fp>
        <fp>TantalC*</fp>
        <fp>C*elec</fp>
        <fp>c_elec*</fp>
        <fp>SMD*_Pol</fp>
      </footprints>
      <fields>
        <field name="Reference">C</field>
        <field name="Value">CP</field>
      </fields>
      <pins>
        <pin num="1" name="~" type="passive"/>
        <pin num="2" name="~" type="passive"/>
      </pins>
    </libpart>
    <libpart lib="device" part="SW_PUSH">
      <description>Push Button</description>
      <fields>
        <field name="Reference">SW</field>
        <field name="Value">SW_PUSH</field>
      </fields>
      <pins>
        <pin num="1" name="1" type="passive"/>
        <pin num="2" name="2" type="passive"/>
      </pins>
    </libpart>
    <libpart lib="conn" part="CONN_01X03">
      <footprints>
        <fp>Pin_Header_Straight_1X03</fp>
        <fp>Pin_Header_Angled_1X03</fp>
        <fp>Socket_Strip_Straight_1X03</fp>
        <fp>Socket_Strip_Angled_1X03</fp>
      </footprints>
      <fields>
        <field name="Reference">P</field>
        <field name="Value">CONN_01X03</field>
      </fields>
      <pins>
        <pin num="1" name="P1" type="passive"/>
        <pin num="2" name="P2" type="passive"/>
        <pin num="3" name="P3" type="passive"/>
      </pins>
    </libpart>
    <libpart lib="conn" part="CONN_01X07">
      <footprints>
        <fp>Pin_Header_Straight_1X07</fp>
        <fp>Pin_Header_Angled_1X07</fp>
        <fp>Socket_Strip_Straight_1X07</fp>
        <fp>Socket_Strip_Angled_1X07</fp>
      </footprints>
      <fields>
        <field name="Reference">P</field>
        <field name="Value">CONN_01X07</field>
      </fields>
      <pins>
        <pin num="1" name="P1" type="passive"/>
        <pin num="2" name="P2" type="passive"/>
        <pin num="3" name="P3" type="passive"/>
        <pin num="4" name="P4" type="passive"/>
        <pin num="5" name="P5" type="passive"/>
        <pin num="6" name="P6" type="passive"/>
        <pin num="7" name="P7" type="passive"/>
      </pins>
    </libpart>
    <libpart lib="atmel" part="ATTINY441-SSU">
      <aliases>
        <alias>ATTINY841-SSU</alias>
      </aliases>
      <description>ATTINY441-SSU, SO14, 4k Flash, 256B SRAM, 256B EEPROM, ADC, ACI, dW</description>
      <docs>http://www.atmel.com/Images/Atmel-8495-8-bit-AVR-Microcontrollers-ATtiny441-ATtiny841_Datasheet.pdf</docs>
      <footprints>
        <fp>SO*</fp>
      </footprints>
      <fields>
        <field name="Reference">IC</field>
        <field name="Value">ATTINY441-SSU</field>
        <field name="Footprint">SO14</field>
      </fields>
      <pins>
        <pin num="1" name="VCC" type="power_in"/>
        <pin num="2" name="(PCINT8/CLKI/XTAL1/ADC11)PB0" type="BiDi"/>
        <pin num="3" name="(PCINT9/INT0/XTAL2/ADC10)PB1" type="BiDi"/>
        <pin num="4" name="(PCINT11/dW/~RESET~/ADC9)PB3" type="BiDi"/>
        <pin num="5" name="(PCINT10/RXD0/ICP2/CLKO/TOCC7/ADC8)PB2" type="BiDi"/>
        <pin num="6" name="(PCINT7/~SS~/TXD0/ICP1/TOCC6/ADC7)PA7" type="BiDi"/>
        <pin num="7" name="(PCINT6/MOSI/SDA/XCK1/TOCC5/ACO1/ADC6)PA6" type="BiDi"/>
        <pin num="8" name="(PCINT5/MISO/TXD1/T2/TOCC4/ACO0/ADC5)PA5" type="BiDi"/>
        <pin num="9" name="(PCINT4/SCK/SCL/RXD1/T1/TOCC3/AIN11/ADC4)PA4" type="BiDi"/>
        <pin num="10" name="(PCINT3/SCK/XCK0/T0/TOCC2/AIN10/ADC3)PA3" type="BiDi"/>
        <pin num="11" name="(PCINT2/~SS~/RXD0/TOCC1/AIN01/ADC2)PA2" type="BiDi"/>
        <pin num="12" name="(PCINT1/MOSI/TXD0/TOCC0/AIN00/ADC1)PA1" type="BiDi"/>
        <pin num="13" name="(PCINT0/MISO/AREF/ADC0)PA0" type="BiDi"/>
        <pin num="14" name="GND" type="power_in"/>
      </pins>
    </libpart>
    <libpart lib="atmel" part="AVR-ISP-6">
      <description>Standard IDC6 Male Connector, ATMEL ISP 6pin</description>
      <fields>
        <field name="Reference">CON</field>
        <field name="Value">AVR-ISP-6</field>
        <field name="Footprint">AVR-ISP-6</field>
      </fields>
      <pins>
        <pin num="1" name="~" type="passive"/>
        <pin num="2" name="~" type="passive"/>
        <pin num="3" name="~" type="passive"/>
        <pin num="4" name="~" type="passive"/>
        <pin num="5" name="~" type="passive"/>
        <pin num="6" name="~" type="passive"/>
      </pins>
    </libpart>
  </libparts>
  <libraries>
    <library logical="atmel">
      <uri>/Library/Application Support/kicad/library/atmel.lib</uri>
    </library>
    <library logical="device">
      <uri>/Library/Application Support/kicad/library/device.lib</uri>
    </library>
    <library logical="conn">
      <uri>/Library/Application Support/kicad/library/conn.lib</uri>
    </library>
  </libraries>
  <nets>
    <net code="1" name="/Sheet558F0CF9/PA1">
      <node ref="SW2" pin="1"/>
      <node ref="R4" pin="2"/>
      <node ref="R5" pin="1"/>
    </net>
    <net code="2" name="/Sheet558F0CF9/VCC">
      <node ref="R4" pin="1"/>
    </net>
    <net code="3" name="/Sheet558EFE7F/PA0">
      <node ref="P3" pin="3"/>
    </net>
    <net code="4" name="/Sheet558EFE7F/GND">
      <node ref="P3" pin="2"/>
    </net>
    <net code="5" name="/Sheet558EFE7F/VCC">
      <node ref="P3" pin="1"/>
    </net>
    <net code="6" name="/Sheet558E79A9/PA0">
      <node ref="P1" pin="3"/>
      <node ref="IC1" pin="13"/>
    </net>
    <net code="7" name="/Sheet558E79A9/PA1">
      <node ref="IC1" pin="12"/>
      <node ref="P1" pin="4"/>
    </net>
    <net code="8" name="/Sheet558E79A9/PA2">
      <node ref="IC1" pin="11"/>
      <node ref="P1" pin="5"/>
    </net>
    <net code="9" name="/Sheet558E79A9/PA3">
      <node ref="IC1" pin="10"/>
      <node ref="CON1" pin="3"/>
      <node ref="P1" pin="6"/>
    </net>
    <net code="10" name="/Sheet558E79A9/PA4">
      <node ref="P1" pin="7"/>
      <node ref="IC1" pin="9"/>
    </net>
    <net code="11" name="/Sheet558E79A9/PA5">
      <node ref="P2" pin="1"/>
      <node ref="IC1" pin="8"/>
      <node ref="CON1" pin="1"/>
    </net>
    <net code="12" name="/Sheet558E79A9/PA6">
      <node ref="P2" pin="2"/>
      <node ref="IC1" pin="7"/>
      <node ref="CON1" pin="4"/>
    </net>
    <net code="13" name="/Sheet558E79A9/PA7">
      <node ref="IC1" pin="6"/>
      <node ref="P2" pin="3"/>
    </net>
    <net code="14" name="/Sheet558E79A9/PB2">
      <node ref="IC1" pin="5"/>
      <node ref="P2" pin="6"/>
      <node ref="D2" pin="1"/>
    </net>
    <net code="15" name="/Sheet558E79A9/PB1">
      <node ref="P2" pin="5"/>
      <node ref="IC1" pin="3"/>
    </net>
    <net code="16" name="/Sheet558E79A9/PB0">
      <node ref="IC1" pin="2"/>
      <node ref="P2" pin="4"/>
    </net>
    <net code="17" name="GND">
      <node ref="R1" pin="2"/>
      <node ref="SW2" pin="2"/>
      <node ref="CON1" pin="6"/>
      <node ref="SW3" pin="2"/>
      <node ref="C1" pin="2"/>
      <node ref="SW1" pin="1"/>
      <node ref="R3" pin="2"/>
      <node ref="P1" pin="1"/>
      <node ref="IC1" pin="14"/>
    </net>
    <net code="18" name="VCC">
      <node ref="C1" pin="1"/>
      <node ref="P1" pin="2"/>
      <node ref="IC1" pin="1"/>
      <node ref="R2" pin="1"/>
      <node ref="CON1" pin="2"/>
      <node ref="D1" pin="1"/>
    </net>
    <net code="19" name="Net-(D2-Pad2)">
      <node ref="R3" pin="1"/>
      <node ref="D2" pin="2"/>
    </net>
    <net code="20" name="Net-(P2-Pad7)">
      <node ref="P2" pin="7"/>
    </net>
    <net code="21" name="Net-(CON1-Pad5)">
      <node ref="CON1" pin="5"/>
      <node ref="SW1" pin="2"/>
      <node ref="IC1" pin="4"/>
      <node ref="R2" pin="2"/>
    </net>
    <net code="22" name="Net-(D1-Pad2)">
      <node ref="R1" pin="1"/>
      <node ref="D1" pin="2"/>
    </net>
    <net code="23" name="Net-(R5-Pad2)">
      <node ref="R5" pin="2"/>
      <node ref="SW3" pin="1"/>
    </net>
  </nets>
</export>
